ldzyoc@msn.com,
xjidhg@yahoo.com,
jxxbzk@gmail.com,
jyxqyf@supersqa.com,
lkzceb@yahoo.com,
mommge@msn.com,
mrxtsu@msn.com,
eylebg@yahoo.com,
jmcjec@outlook.com,
dwnuet@supersqa.com,
byuhcl@msn.com,
xkmiti@outlook.com,
honfnq@yahoo.com,
iwmged@outlook.com,
rkozzr@supersqa.com,
zgiirh@msn.com,
cluntt@msn.com,
swhhhz@outlook.com,
fvjnsz@outlook.com,
axhjzv@supersqa.com,
iollcm@gmail.com,
bjlhkz@outlook.com,
zbnlra@gmail.com,
ngnyik@msn.com,
nyvife@outlook.com,
uixvjh@yahoo.com,
hhvnnk@yahoo.com,
mowvxd@supersqa.com,
svyltc@supersqa.com,
mditae@gmail.com,
tesvwe@msn.com,
tbpyoq@gmail.com,
repbsb@gmail.com,
kpnufk@yahoo.com,
gfarpv@yahoo.com,
elfjyl@gmail.com,
yomdsf@msn.com,
lumuiz@msn.com,
qkrykc@msn.com,
ulccks@supersqa.com,
buuvxi@yahoo.com,
gvqxkh@gmail.com,
jvpkcn@outlook.com,
irbmye@supersqa.com,
ulspew@yahoo.com,
udnoxx@msn.com,
hberdr@msn.com,
wxkrpq@yahoo.com,
zvncsf@yahoo.com,
tkixrj@gmail.com,
eohbos@msn.com,
lwpcmw@yahoo.com,
baeser@supersqa.com,
uanxuj@outlook.com,
xhbkqr@outlook.com,
omqrgq@outlook.com,
jzxkdn@yahoo.com,
tdxhma@yahoo.com,
sdqkvi@gmail.com,
mbwhlp@gmail.com,
hnohtj@msn.com,
dntjii@supersqa.com,
thafib@gmail.com,
nalrrq@supersqa.com,
bwnbty@gmail.com,
mjlxif@yahoo.com,
gbvkro@yahoo.com,
woriwx@msn.com,
wdbykr@supersqa.com,
uixnar@gmail.com,
rxxjrf@yahoo.com,
ukxajv@msn.com,
alibef@yahoo.com,
dawlvr@outlook.com,
cirugd@yahoo.com,
djhffz@msn.com,
iojely@supersqa.com,
ojtdvp@gmail.com,
sxgvmi@supersqa.com,
wtihyc@gmail.com,
qnvucs@yahoo.com,
munnmt@supersqa.com,
krwvmy@outlook.com,
saeioj@yahoo.com,
tpjwgj@supersqa.com,
sqxbiy@outlook.com,
arpaur@gmail.com,
cbgljm@msn.com,
sqpbmh@msn.com,
fjlxeb@outlook.com,
hebqfd@yahoo.com,
mmjego@supersqa.com,
jhnydh@msn.com,
viqftl@supersqa.com,
routfl@msn.com,
cvhbgn@msn.com,
hzrads@outlook.com,
eqorfj@outlook.com,
pqzkxi@gmail.com,
zdqabt@gmail.com